ds,y,sentiment_avg,sales_volume
2016-09-15,134.97,1.0,3.0
2016-09-16,0.0,3.0,0.0
2016-09-17,0.0,3.0,0.0
2016-09-18,0.0,3.0,0.0
2016-09-19,0.0,3.0,0.0
2016-09-20,0.0,3.0,0.0
2016-09-21,0.0,3.0,0.0
2016-09-22,0.0,3.0,0.0
2016-09-23,0.0,3.0,0.0
2016-09-24,0.0,3.0,0.0
2016-09-25,0.0,3.0,0.0
2016-09-26,0.0,3.0,0.0
2016-09-27,0.0,3.0,0.0
2016-09-28,0.0,3.0,0.0
2016-09-29,0.0,3.0,0.0
2016-09-30,0.0,3.0,0.0
2016-10-01,0.0,3.0,0.0
2016-10-02,0.0,3.0,0.0
2016-10-03,441.98,3.142857142857143,7.0
2016-10-04,8595.89,3.3492063492063493,63.0
2016-10-05,6169.77,3.1875,48.0
2016-10-06,5889.96,2.978723404255319,47.0
2016-10-07,6075.35,2.977272727272727,44.0
2016-10-08,7592.89,3.3902439024390243,41.0
2016-10-09,2399.7,2.8076923076923075,26.0
2016-10-10,3286.26,3.6097560975609757,41.0
2016-10-11,0.0,3.0,0.0
2016-10-12,0.0,3.0,0.0
2016-10-13,0.0,3.0,0.0
2016-10-14,0.0,3.0,0.0
2016-10-15,0.0,3.0,0.0
2016-10-16,0.0,3.0,0.0
2016-10-17,0.0,3.0,0.0
2016-10-18,0.0,3.0,0.0
2016-10-19,0.0,3.0,0.0
2016-10-20,0.0,3.0,0.0
2016-10-21,0.0,3.0,0.0
2016-10-22,0.0,3.0,0.0
2016-10-23,0.0,3.0,0.0
2016-10-24,0.0,3.0,0.0
2016-10-25,0.0,3.0,0.0
2016-10-26,0.0,3.0,0.0
2016-10-27,0.0,3.0,0.0
2016-10-28,0.0,3.0,0.0
2016-10-29,0.0,3.0,0.0
2016-10-30,0.0,3.0,0.0
2016-10-31,0.0,3.0,0.0
2016-11-01,0.0,3.0,0.0
2016-11-02,0.0,3.0,0.0
2016-11-03,0.0,3.0,0.0
2016-11-04,0.0,3.0,0.0
2016-11-05,0.0,3.0,0.0
2016-11-06,0.0,3.0,0.0
2016-11-07,0.0,3.0,0.0
2016-11-08,0.0,3.0,0.0
2016-11-09,0.0,3.0,0.0
2016-11-10,0.0,3.0,0.0
2016-11-11,0.0,3.0,0.0
2016-11-12,0.0,3.0,0.0
2016-11-13,0.0,3.0,0.0
2016-11-14,0.0,3.0,0.0
2016-11-15,0.0,3.0,0.0
2016-11-16,0.0,3.0,0.0
2016-11-17,0.0,3.0,0.0
2016-11-18,0.0,3.0,0.0
2016-11-19,0.0,3.0,0.0
2016-11-20,0.0,3.0,0.0
2016-11-21,0.0,3.0,0.0
2016-11-22,0.0,3.0,0.0
2016-11-23,0.0,3.0,0.0
2016-11-24,0.0,3.0,0.0
2016-11-25,0.0,3.0,0.0
2016-11-26,0.0,3.0,0.0
2016-11-27,0.0,3.0,0.0
2016-11-28,0.0,3.0,0.0
2016-11-29,0.0,3.0,0.0
2016-11-30,0.0,3.0,0.0
2016-12-01,0.0,3.0,0.0
2016-12-02,0.0,3.0,0.0
2016-12-03,0.0,3.0,0.0
2016-12-04,0.0,3.0,0.0
2016-12-05,0.0,3.0,0.0
2016-12-06,0.0,3.0,0.0
2016-12-07,0.0,3.0,0.0
2016-12-08,0.0,3.0,0.0
2016-12-09,0.0,3.0,0.0
2016-12-10,0.0,3.0,0.0
2016-12-11,0.0,3.0,0.0
2016-12-12,0.0,3.0,0.0
2016-12-13,0.0,3.0,0.0
2016-12-14,0.0,3.0,0.0
2016-12-15,0.0,3.0,0.0
2016-12-16,0.0,3.0,0.0
2016-12-17,0.0,3.0,0.0
2016-12-18,0.0,3.0,0.0
2016-12-19,0.0,3.0,0.0
2016-12-20,0.0,3.0,0.0
2016-12-21,0.0,3.0,0.0
2016-12-22,0.0,3.0,0.0
2016-12-23,10.9,5.0,1.0
2016-12-24,0.0,3.0,0.0
2016-12-25,0.0,3.0,0.0
2016-12-26,0.0,3.0,0.0
2016-12-27,0.0,3.0,0.0
2016-12-28,0.0,3.0,0.0
2016-12-29,0.0,3.0,0.0
2016-12-30,0.0,3.0,0.0
2016-12-31,0.0,3.0,0.0
2017-01-01,0.0,3.0,0.0
2017-01-02,0.0,3.0,0.0
2017-01-03,0.0,3.0,0.0
2017-01-04,0.0,3.0,0.0
2017-01-05,396.9,4.21875,32.0
2017-01-06,916.38,3.0,4.0
2017-01-07,1351.9,2.2,5.0
2017-01-08,449.78,4.5,4.0
2017-01-09,673.79,2.3333333333333335,6.0
2017-01-10,1434.87,3.6666666666666665,6.0
2017-01-11,1855.27,3.0,10.0
2017-01-12,1478.59,3.2857142857142856,14.0
2017-01-13,2450.68,2.9,10.0
2017-01-14,876.89,3.3125,16.0
2017-01-15,2349.47,2.409090909090909,22.0
2017-01-16,3275.02,2.9130434782608696,23.0
2017-01-17,3371.43,3.1578947368421053,38.0
2017-01-18,3216.4900000000002,3.375,32.0
2017-01-19,3553.95,3.057142857142857,35.0
2017-01-20,4035.83,3.1538461538461537,39.0
2017-01-21,2380.61,2.6,35.0
2017-01-22,3619.27,3.272727272727273,33.0
2017-01-23,6299.22,2.8627450980392157,51.0
2017-01-24,5155.3,3.261904761904762,42.0
2017-01-25,7114.95,2.9523809523809526,63.0
2017-01-26,13287.31,3.269230769230769,104.0
2017-01-27,11178.95,2.972972972972973,74.0
2017-01-28,5056.01,2.9655172413793105,29.0
2017-01-29,5966.76,2.840909090909091,44.0
2017-01-30,10241.15,3.0972222222222223,72.0
2017-01-31,10586.619999999999,3.111111111111111,81.0
2017-02-01,7538.77,3.171875,64.0
2017-02-02,8813.65,3.175675675675676,74.0
2017-02-03,9641.82,3.1551724137931036,58.0
2017-02-04,13599.27,3.257142857142857,70.0
2017-02-05,8406.89,3.182926829268293,82.0
2017-02-06,9399.76,3.25,84.0
2017-02-07,13824.29,3.3070866141732282,127.0
2017-02-08,11550.69,3.4782608695652173,92.0
2017-02-09,9191.6,3.240506329113924,79.0
2017-02-10,13142.34,3.4714285714285715,70.0
2017-02-11,4307.56,3.3137254901960786,51.0
2017-02-12,14922.35,3.203125,64.0
2017-02-13,10136.15,2.883720930232558,86.0
2017-02-14,11325.21,3.311688311688312,77.0
2017-02-15,6526.87,3.288135593220339,59.0
2017-02-16,5823.14,3.462962962962963,54.0
2017-02-17,6801.26,3.017857142857143,56.0
2017-02-18,7493.13,3.4461538461538463,65.0
2017-02-19,3564.83,3.1463414634146343,41.0
2017-02-20,7156.41,3.074626865671642,67.0
2017-02-21,8023.17,3.097560975609756,41.0
2017-02-22,6220.52,3.0833333333333335,60.0
2017-02-23,6271.34,3.3,70.0
2017-02-24,6630.12,3.1285714285714286,70.0
2017-02-25,3573.69,2.883720930232558,43.0
2017-02-26,5132.49,3.061224489795918,49.0
2017-02-27,5764.32,3.450980392156863,51.0
2017-02-28,10701.76,3.476923076923077,65.0
2017-03-01,12328.31,3.247787610619469,113.0
2017-03-02,11164.5,3.287671232876712,73.0
2017-03-03,12398.64,3.1707317073170733,82.0
2017-03-04,8594.74,3.1818181818181817,77.0
2017-03-05,6882.7300000000005,3.4430379746835444,79.0
2017-03-06,8618.04,2.981651376146789,109.0
2017-03-07,11407.61,3.375,96.0
2017-03-08,13178.97,3.2222222222222223,81.0
2017-03-09,10976.84,3.209090909090909,110.0
2017-03-10,11975.98,3.2708333333333335,96.0
2017-03-11,10513.41,3.1298701298701297,77.0
2017-03-12,6521.07,3.1549295774647885,71.0
2017-03-13,16630.26,3.027027027027027,111.0
2017-03-14,13935.57,3.081818181818182,110.0
2017-03-15,14491.94,3.206896551724138,116.0
2017-03-16,14134.44,3.056451612903226,124.0
2017-03-17,11910.5,3.0384615384615383,78.0
2017-03-18,16145.92,3.1216216216216215,74.0
2017-03-19,6649.34,3.0,59.0
2017-03-20,16861.09,3.1693548387096775,124.0
2017-03-21,11410.95,3.104761904761905,105.0
2017-03-22,14253.19,3.1048387096774195,124.0
2017-03-23,16073.78,3.2421875,128.0
2017-03-24,10094.57,3.072289156626506,83.0
2017-03-25,9874.89,2.9411764705882355,85.0
2017-03-26,6101.05,3.088235294117647,68.0
2017-03-27,16186.17,3.1271186440677967,118.0
2017-03-28,11420.22,3.2818181818181817,110.0
2017-03-29,8164.14,3.0843373493975905,83.0
2017-03-30,9795.61,3.1481481481481484,81.0
2017-03-31,12170.78,3.1944444444444446,72.0
2017-04-01,17518.47,3.3676470588235294,68.0
2017-04-02,8999.89,3.142857142857143,77.0
2017-04-03,8912.87,3.175,80.0
2017-04-04,12301.65,3.3577981651376145,109.0
2017-04-05,18474.04,3.3564356435643563,101.0
2017-04-06,19175.49,3.2475247524752477,101.0
2017-04-07,12932.49,3.130434782608696,92.0
2017-04-08,8457.09,3.1739130434782608,69.0
2017-04-09,7715.85,3.0547945205479454,73.0
2017-04-10,11378.51,2.9347826086956523,92.0
2017-04-11,6972.61,3.1875,80.0
2017-04-12,7790.21,3.09375,64.0
2017-04-13,9691.43,3.359375,64.0
2017-04-14,6704.19,3.185185185185185,54.0
2017-04-15,8210.19,3.269230769230769,52.0
2017-04-16,5025.96,2.98,50.0
2017-04-17,7432.09,2.8524590163934427,61.0
2017-04-18,21286.72,3.261904761904762,84.0
2017-04-19,11839.04,3.330275229357798,109.0
2017-04-20,12476.630000000001,3.185185185185185,108.0
2017-04-21,8426.27,3.026666666666667,75.0
2017-04-22,12781.17,3.223404255319149,94.0
2017-04-23,9904.050000000001,3.1235955056179776,89.0
2017-04-24,13026.85,3.152,125.0
2017-04-25,13747.460000000001,3.2033898305084745,118.0
2017-04-26,15365.59,3.198529411764706,136.0
2017-04-27,9521.93,3.3229166666666665,96.0
2017-04-28,15585.789999999999,3.2115384615384617,104.0
2017-04-29,11573.73,3.3012048192771086,83.0
2017-04-30,7981.360000000001,3.072463768115942,69.0
2017-05-01,11902.83,3.1,130.0
2017-05-02,17304.91,3.1503759398496243,133.0
2017-05-03,10037.06,3.081818181818182,110.0
2017-05-04,13573.55,3.2868852459016393,122.0
2017-05-05,13622.07,3.0854700854700856,117.0
2017-05-06,14463.18,3.1984126984126986,126.0
2017-05-07,16352.18,3.2232142857142856,112.0
2017-05-08,15873.06,3.0785714285714287,140.0
2017-05-09,20635.65,3.066666666666667,150.0
2017-05-10,20710.62,3.175,120.0
2017-05-11,18058.66,3.2941176470588234,136.0
2017-05-12,11734.75,3.1913043478260867,115.0
2017-05-13,8366.960000000001,3.2533333333333334,75.0
2017-05-14,14252.0,3.272,125.0
2017-05-15,17731.45,3.011904761904762,168.0
2017-05-16,21409.59,3.086206896551724,174.0
2017-05-17,18148.86,3.1870967741935483,155.0
2017-05-18,18205.14,2.9784172661870505,139.0
2017-05-19,18216.07,3.2988505747126435,174.0
2017-05-20,10538.41,3.282051282051282,78.0
2017-05-21,17259.91,3.176829268292683,164.0
2017-05-22,24457.51,3.325301204819277,166.0
2017-05-23,17246.9,3.125,136.0
2017-05-24,23539.87,3.05625,160.0
2017-05-25,15084.9,3.1140350877192984,114.0
2017-05-26,10411.18,3.108695652173913,92.0
2017-05-27,13760.72,3.4065934065934065,91.0
2017-05-28,9262.62,3.30188679245283,106.0
2017-05-29,17731.47,3.1627906976744184,172.0
2017-05-30,13497.69,3.2280701754385963,114.0
2017-05-31,19230.67,3.1791044776119404,134.0
2017-06-01,19316.25,2.9779411764705883,136.0
2017-06-02,18727.54,3.2330827067669174,133.0
2017-06-03,10432.85,3.13,100.0
2017-06-04,13693.74,3.2211538461538463,104.0
2017-06-05,23514.87,3.1049382716049383,162.0
2017-06-06,13689.74,3.175675675675676,148.0
2017-06-07,12519.67,3.122137404580153,131.0
2017-06-08,18937.77,3.2913907284768213,151.0
2017-06-09,15961.35,3.2913385826771653,127.0
2017-06-10,7941.56,3.189873417721519,79.0
2017-06-11,15009.56,3.3307086614173227,127.0
2017-06-12,14279.98,3.1586206896551725,145.0
2017-06-13,13803.4,3.036764705882353,136.0
2017-06-14,20396.94,3.1283783783783785,148.0
2017-06-15,12404.710000000001,3.1707317073170733,123.0
2017-06-16,12742.33,3.407766990291262,103.0
2017-06-17,11024.62,2.7195121951219514,82.0
2017-06-18,15875.28,3.3366336633663365,101.0
2017-06-19,22531.3,3.2203389830508473,177.0
2017-06-20,10658.53,3.1333333333333333,105.0
2017-06-21,6135.75,3.4054054054054053,37.0
2017-06-22,8529.36,3.0851063829787235,94.0
2017-06-23,12690.09,3.230088495575221,113.0
2017-06-24,8146.75,3.2911392405063293,79.0
2017-06-25,17230.079999999998,3.3271028037383177,107.0
2017-06-26,13127.77,3.0125,80.0
2017-06-27,16681.61,3.3790849673202614,153.0
2017-06-28,14477.84,3.161290322580645,124.0
2017-06-29,12169.53,3.2131147540983607,122.0
2017-06-30,12736.89,3.268041237113402,97.0
2017-07-01,11490.25,3.0543478260869565,92.0
2017-07-02,11277.55,3.3879310344827585,116.0
2017-07-03,15201.36,3.1774193548387095,124.0
2017-07-04,15240.14,3.287878787878788,132.0
2017-07-05,20585.920000000002,3.0745341614906834,161.0
2017-07-06,20951.56,3.0961538461538463,156.0
2017-07-07,13158.89,3.4198473282442747,131.0
2017-07-08,10206.86,3.3076923076923075,91.0
2017-07-09,8070.58,3.21875,96.0
2017-07-10,17517.87,3.452830188679245,159.0
2017-07-11,19135.99,3.2333333333333334,180.0
2017-07-12,18564.4,3.154320987654321,162.0
2017-07-13,14675.49,3.2582781456953644,151.0
2017-07-14,18800.16,3.2916666666666665,168.0
2017-07-15,10880.66,3.108108108108108,111.0
2017-07-16,12627.74,2.8380281690140845,142.0
2017-07-17,21474.95,3.1581632653061225,196.0
2017-07-18,28105.0,3.0497737556561084,221.0
2017-07-19,16171.41,3.201183431952663,169.0
2017-07-20,18063.98,3.230769230769231,169.0
2017-07-21,12862.45,3.075187969924812,133.0
2017-07-22,11501.710000000001,3.0098039215686274,102.0
2017-07-23,11896.06,3.1904761904761907,105.0
2017-07-24,18513.510000000002,3.1215469613259668,181.0
2017-07-25,16789.24,3.2195121951219514,164.0
2017-07-26,11352.36,3.232876712328767,146.0
2017-07-27,15549.03,3.1386861313868613,137.0
2017-07-28,19479.260000000002,3.38255033557047,149.0
2017-07-29,15127.6,3.2661290322580645,124.0
2017-07-30,12239.630000000001,3.1953125,128.0
2017-07-31,17126.13,3.274390243902439,164.0
2017-08-01,21341.14,3.159340659340659,182.0
2017-08-02,17797.09,3.0,166.0
2017-08-03,18405.420000000002,3.3855421686746987,166.0
2017-08-04,17976.74,3.157232704402516,159.0
2017-08-05,11857.32,3.2063492063492065,126.0
2017-08-06,12969.28,3.2666666666666666,120.0
2017-08-07,23325.74,3.25,184.0
2017-08-08,18661.63,3.1320754716981134,159.0
2017-08-09,20128.37,3.352201257861635,159.0
2017-08-10,20465.44,3.1055555555555556,180.0
2017-08-11,19077.42,3.3664596273291925,161.0
2017-08-12,12429.97,3.203883495145631,103.0
2017-08-13,12244.3,3.2523364485981308,107.0
2017-08-14,18045.36,3.165714285714286,175.0
2017-08-15,23289.68,3.073529411764706,204.0
2017-08-16,21114.170000000002,3.264705882352941,204.0
2017-08-17,18015.010000000002,3.2662721893491122,169.0
2017-08-18,16854.18,3.0764331210191083,157.0
2017-08-19,12842.58,3.1147540983606556,122.0
2017-08-20,12988.98,3.0578512396694215,121.0
2017-08-21,21897.45,3.056603773584906,212.0
2017-08-22,16624.6,3.2111801242236027,161.0
2017-08-23,15873.61,2.9746835443037973,158.0
2017-08-24,13153.97,3.1631205673758864,141.0
2017-08-25,14585.41,3.0916030534351147,131.0
2017-08-26,9797.9,3.136842105263158,95.0
2017-08-27,13127.91,3.0985915492957745,142.0
2017-08-28,21472.53,3.176470588235294,170.0
2017-08-29,33771.48,3.220779220779221,154.0
2017-08-30,29274.07,3.2346938775510203,196.0
2017-08-31,19908.26,3.07185628742515,167.0
2017-09-01,28213.43,3.0555555555555554,180.0
2017-09-02,17911.76,3.2758620689655173,116.0
2017-09-03,27898.15,3.1971830985915495,142.0
2017-09-04,24840.96,3.240740740740741,162.0
2017-09-05,20674.760000000002,3.056179775280899,178.0
2017-09-06,25101.81,3.0129032258064514,155.0
2017-09-07,16893.5,3.25,104.0
2017-09-08,11604.49,3.4015151515151514,132.0
2017-09-09,14733.539999999999,3.1440677966101696,118.0
2017-09-10,17144.5,3.2885906040268456,149.0
2017-09-11,23474.76,3.134715025906736,193.0
2017-09-12,26488.53,3.219917012448133,241.0
2017-09-13,27263.48,3.150442477876106,226.0
2017-09-14,22188.87,2.9641025641025642,195.0
2017-09-15,18004.58,3.1625,160.0
2017-09-16,18965.74,3.2706766917293235,133.0
2017-09-17,20003.41,3.0437956204379564,137.0
2017-09-18,27232.01,3.0700934579439254,214.0
2017-09-19,19640.66,3.222857142857143,175.0
2017-09-20,21812.75,3.3369565217391304,184.0
2017-09-21,18251.99,3.011764705882353,170.0
2017-09-22,16177.45,3.2546583850931676,161.0
2017-09-23,9770.61,3.1770833333333335,96.0
2017-09-24,12934.65,3.161290322580645,124.0
2017-09-25,17657.72,3.098684210526316,152.0
2017-09-26,21136.6,3.3958333333333335,192.0
2017-09-27,20646.920000000002,3.132183908045977,174.0
2017-09-28,22993.12,3.104294478527607,163.0
2017-09-29,28434.8,2.89922480620155,129.0
2017-09-30,11654.6,3.1724137931034484,116.0
2017-10-01,18264.47,3.147887323943662,142.0
2017-10-02,21550.66,3.091463414634146,164.0
2017-10-03,25720.079999999998,3.0833333333333335,216.0
2017-10-04,21051.6,3.304093567251462,171.0
2017-10-05,24851.52,2.834319526627219,169.0
2017-10-06,16993.27,3.0460526315789473,152.0
2017-10-07,14941.03,3.087719298245614,114.0
2017-10-08,16742.28,3.326241134751773,141.0
2017-10-09,28940.28,3.05,220.0
2017-10-10,27879.52,3.212121212121212,198.0
2017-10-11,18895.46,3.034090909090909,176.0
2017-10-12,18352.08,3.103896103896104,154.0
2017-10-13,22361.09,3.0787878787878786,165.0
2017-10-14,13236.75,3.1825396825396823,126.0
2017-10-15,18598.06,3.1492537313432836,134.0
2017-10-16,30039.98,3.1376146788990824,218.0
2017-10-17,30126.85,3.2386363636363638,264.0
2017-10-18,27257.79,3.1838565022421523,223.0
2017-10-19,23586.37,2.9072164948453607,194.0
2017-10-20,18720.39,3.146153846153846,130.0
2017-10-21,14391.85,3.142857142857143,119.0
2017-10-22,19317.079999999998,3.0391061452513966,179.0
2017-10-23,21721.31,3.1043956043956045,182.0
2017-10-24,22034.47,3.18848167539267,191.0
2017-10-25,17492.05,3.216374269005848,171.0
2017-10-26,21253.81,3.125,176.0
2017-10-27,20318.58,3.161290322580645,155.0
2017-10-28,16389.21,3.2916666666666665,96.0
2017-10-29,17238.55,3.2732919254658386,161.0
2017-10-30,19418.96,3.1358024691358026,162.0
2017-10-31,23753.1,2.9689119170984455,193.0
2017-11-01,19363.71,3.261904761904762,126.0
2017-11-02,21074.93,3.2056737588652484,141.0
2017-11-03,22844.05,3.0236686390532546,169.0
2017-11-04,19281.55,3.1297709923664123,131.0
2017-11-05,16602.45,3.1049382716049383,162.0
2017-11-06,27673.15,3.2388059701492535,201.0
2017-11-07,19801.7,3.137142857142857,175.0
2017-11-08,18594.64,3.0309278350515463,194.0
2017-11-09,24307.55,2.9722222222222223,216.0
2017-11-10,18789.56,3.021857923497268,183.0
2017-11-11,22768.63,3.130952380952381,168.0
2017-11-12,22633.670000000002,3.156756756756757,185.0
2017-11-13,23891.35,3.004366812227074,229.0
2017-11-14,26750.95,3.1220657276995305,213.0
2017-11-15,22676.4,3.0,208.0
2017-11-16,27674.54,3.0562248995983934,249.0
2017-11-17,28881.19,2.945945945945946,222.0
2017-11-18,22823.01,3.2280701754385963,171.0
2017-11-19,20174.65,3.15819209039548,177.0
2017-11-20,43520.78,2.933333333333333,255.0
2017-11-21,33690.840000000004,3.015686274509804,255.0
2017-11-22,24038.41,3.0257510729613735,233.0
2017-11-23,43769.33,2.975683890577508,329.0
2017-11-24,151724.72,2.877115526122149,1359.0
2017-11-25,61822.11,2.8715277777777777,576.0
2017-11-26,44414.32,2.9383259911894273,454.0
2017-11-27,47981.21,2.9476987447698746,478.0
2017-11-28,47694.76,2.8524590163934427,427.0
2017-11-29,39093.09,2.8913649025069637,359.0
2017-11-30,30842.690000000002,3.1198630136986303,292.0
2017-12-01,39238.01,2.958064516129032,310.0
2017-12-02,30824.14,2.9358974358974357,234.0
2017-12-03,28825.3,2.8287937743190663,257.0
2017-12-04,45101.28,2.9472222222222224,360.0
2017-12-05,33224.77,2.889589905362776,317.0
2017-12-06,39453.17,3.1333333333333333,315.0
2017-12-07,27649.88,2.9763779527559056,254.0
2017-12-08,28848.49,2.9913793103448274,232.0
2017-12-09,19728.04,3.106508875739645,169.0
2017-12-10,24003.47,3.0295566502463056,203.0
2017-12-11,33300.840000000004,3.112627986348123,293.0
2017-12-12,33020.09,2.982698961937716,289.0
2017-12-13,29397.27,3.183206106870229,262.0
2017-12-14,24980.45,2.8862559241706163,211.0
2017-12-15,26582.62,2.98,200.0
2017-12-16,20125.39,3.035211267605634,142.0
2017-12-17,19255.62,2.9798657718120807,149.0
2017-12-18,28791.47,3.106194690265487,226.0
2017-12-19,20492.89,3.0696517412935322,201.0
2017-12-20,26854.04,3.11340206185567,194.0
2017-12-21,18256.53,2.9025974025974026,154.0
2017-12-22,14196.95,2.864,125.0
2017-12-23,11623.65,3.017857142857143,112.0
2017-12-24,5600.02,3.2033898305084745,59.0
2017-12-25,9952.53,3.1122448979591835,98.0
2017-12-26,20071.73,3.235955056179775,178.0
2017-12-27,17341.4,3.2527472527472527,182.0
2017-12-28,14647.79,3.2142857142857144,154.0
2017-12-29,15942.81,3.2847682119205297,151.0
2017-12-30,13042.65,3.25,108.0
2017-12-31,8462.88,3.04,75.0
2018-01-01,6818.31,2.9875,80.0
2018-01-02,24912.05,3.0657894736842106,228.0
2018-01-03,31061.83,3.1434426229508197,244.0
2018-01-04,34936.95,3.1355311355311355,273.0
2018-01-05,26370.19,3.168776371308017,237.0
2018-01-06,27513.73,3.0390625,256.0
2018-01-07,28320.06,3.175115207373272,217.0
2018-01-08,37698.61,3.0638297872340425,329.0
2018-01-09,30260.16,3.0148698884758365,269.0
2018-01-10,37384.96,2.9485530546623795,311.0
2018-01-11,39698.12,3.0695364238410594,302.0
2018-01-12,30701.13,3.0174825174825175,286.0
2018-01-13,27661.6,3.0635593220338984,236.0
2018-01-14,30905.53,3.187250996015936,251.0
2018-01-15,37765.71,3.02416918429003,331.0
2018-01-16,42380.82,2.8547486033519553,358.0
2018-01-17,35283.53,3.0372881355932204,295.0
2018-01-18,28007.670000000002,2.9927536231884058,276.0
2018-01-19,27261.18,3.124031007751938,258.0
2018-01-20,22282.59,3.0869565217391304,207.0
2018-01-21,21728.24,3.0434782608695654,207.0
2018-01-22,36962.36,2.945558739255014,349.0
2018-01-23,34198.17,3.1621621621621623,296.0
2018-01-24,31780.8,2.981132075471698,265.0
2018-01-25,28961.86,3.0115384615384615,260.0
2018-01-26,33598.11,2.85,260.0
2018-01-27,21650.51,2.9421965317919074,173.0
2018-01-28,22614.96,3.1728395061728394,162.0
2018-01-29,29987.56,2.9151943462897525,283.0
2018-01-30,28698.85,2.9868852459016395,305.0
2018-01-31,32620.79,3.1338028169014085,284.0
2018-02-01,30143.85,2.9431818181818183,264.0
2018-02-02,26970.420000000002,2.8844621513944224,251.0
2018-02-03,22822.170000000002,3.029268292682927,205.0
2018-02-04,23739.19,3.040909090909091,220.0
2018-02-05,35651.03,3.07741935483871,310.0
2018-02-06,33788.340000000004,2.9864864864864864,296.0
2018-02-07,31336.25,3.028368794326241,282.0
2018-02-08,27353.84,3.0511811023622046,254.0
2018-02-09,30688.97,3.1222707423580784,229.0
2018-02-10,20696.87,2.9744897959183674,196.0
2018-02-11,22074.3,2.890710382513661,183.0
2018-02-12,23343.53,2.808764940239044,251.0
2018-02-13,23551.09,2.859315589353612,263.0
2018-02-14,37225.37,3.072463768115942,345.0
2018-02-15,31462.3,3.0064935064935066,308.0
2018-02-16,26948.08,2.951020408163265,245.0
2018-02-17,24745.48,2.918552036199095,221.0
2018-02-18,24255.71,2.811158798283262,233.0
2018-02-19,27633.75,3.0902777777777777,288.0
2018-02-20,36385.7,2.980769230769231,312.0
2018-02-21,32126.74,2.9311475409836065,305.0
2018-02-22,30710.88,2.87887323943662,355.0
2018-02-23,29025.31,2.8566037735849057,265.0
2018-02-24,24548.07,2.9668246445497632,211.0
2018-02-25,29415.81,2.7925925925925927,270.0
2018-02-26,43419.36,2.851063829787234,329.0
2018-02-27,40991.98,2.884097035040431,371.0
2018-02-28,44666.24,2.777464788732394,355.0
2018-03-01,39532.85,2.855769230769231,312.0
2018-03-02,31662.05,2.8262295081967213,305.0
2018-03-03,26119.74,2.730088495575221,226.0
2018-03-04,31591.31,2.8502024291497974,247.0
2018-03-05,36871.59,2.732899022801303,307.0
2018-03-06,38322.49,2.819672131147541,305.0
2018-03-07,35468.81,2.965034965034965,286.0
2018-03-08,27616.58,2.958801498127341,267.0
2018-03-09,27246.66,2.861607142857143,224.0
2018-03-10,25262.49,2.7941176470588234,204.0
2018-03-11,31078.58,2.8771186440677967,236.0
2018-03-12,30281.16,2.88671875,256.0
2018-03-13,34400.25,2.7713178294573644,258.0
2018-03-14,22673.51,2.747863247863248,234.0
2018-03-15,42000.26,2.9558359621451102,317.0
2018-03-16,32068.99,2.7907801418439715,282.0
2018-03-17,19725.21,2.9411764705882355,187.0
2018-03-18,30637.15,3.0565217391304347,230.0
2018-03-19,43435.090000000004,2.8491620111731844,358.0
2018-03-20,35473.55,3.0144092219020173,347.0
2018-03-21,39161.08,3.0357142857142856,308.0
2018-03-22,30400.87,2.9689655172413794,290.0
2018-03-23,26706.66,3.0448979591836736,245.0
2018-03-24,23584.87,2.9732620320855614,187.0
2018-03-25,25336.31,2.90625,224.0
2018-03-26,35008.82,3.0987261146496814,314.0
2018-03-27,33609.86,3.03886925795053,283.0
2018-03-28,26972.14,3.1379310344827585,232.0
2018-03-29,28336.37,2.8807339449541285,218.0
2018-03-30,21871.83,3.060109289617486,183.0
2018-03-31,24466.83,2.8697916666666665,192.0
2018-04-01,28553.63,2.8716814159292037,226.0
2018-04-02,39041.32,3.1784615384615384,325.0
2018-04-03,36107.92,3.08,275.0
2018-04-04,36916.11,2.908127208480565,283.0
2018-04-05,35763.14,3.212328767123288,292.0
2018-04-06,26528.26,3.0390243902439025,205.0
2018-04-07,24914.1,3.066666666666667,180.0
2018-04-08,23212.85,2.9804878048780488,205.0
2018-04-09,49976.94,3.1875,288.0
2018-04-10,27462.1,3.039647577092511,227.0
2018-04-11,38318.13,3.0371621621621623,296.0
2018-04-12,33981.38,3.057046979865772,298.0
2018-04-13,29605.91,3.106382978723404,235.0
2018-04-14,18776.7,3.134502923976608,171.0
2018-04-15,30171.31,2.957692307692308,260.0
2018-04-16,39973.23,3.180379746835443,316.0
2018-04-17,33800.27,3.265573770491803,305.0
2018-04-18,38231.89,2.996732026143791,306.0
2018-04-19,42853.34,3.091168091168091,351.0
2018-04-20,27176.04,2.937777777777778,225.0
2018-04-21,18839.36,3.1676646706586826,167.0
2018-04-22,27171.0,3.0474137931034484,232.0
2018-04-23,37275.41,3.140672782874618,327.0
2018-04-24,42219.08,3.144262295081967,305.0
2018-04-25,40621.4,3.1772151898734178,316.0
2018-04-26,31263.86,3.176470588235294,289.0
2018-04-27,39552.35,3.232142857142857,280.0
2018-04-28,22511.91,3.0319148936170213,188.0
2018-04-29,19756.83,3.108108108108108,185.0
2018-04-30,35203.64,3.267857142857143,280.0
2018-05-01,32695.0,3.153284671532847,274.0
2018-05-02,36504.82,3.183734939759036,332.0
2018-05-03,40915.77,3.1614730878186967,353.0
2018-05-04,38990.96,3.173202614379085,306.0
2018-05-05,27825.16,3.013888888888889,216.0
2018-05-06,27800.55,2.9446808510638296,235.0
2018-05-07,52726.03,3.1271393643031784,409.0
2018-05-08,47180.52,3.168,375.0
2018-05-09,42398.12,3.082901554404145,386.0
2018-05-10,49689.88,3.1402439024390243,328.0
2018-05-11,37785.29,2.9645390070921986,282.0
2018-05-12,28736.13,2.9017094017094016,234.0
2018-05-13,31203.52,3.1714285714285713,245.0
2018-05-14,52633.1,3.0618811881188117,404.0
2018-05-15,40879.52,3.155131264916468,419.0
2018-05-16,55572.63,3.0947630922693268,401.0
2018-05-17,30906.72,2.968503937007874,254.0
2018-05-18,31205.43,2.931159420289855,276.0
2018-05-19,25052.39,3.281437125748503,167.0
2018-05-20,19163.58,3.0,188.0
2018-05-21,24546.19,2.9145299145299144,234.0
2018-05-22,27229.09,3.1238938053097347,226.0
2018-05-23,17501.05,3.0933333333333333,150.0
2018-05-24,20023.26,3.302325581395349,129.0
2018-05-25,15888.92,2.90625,128.0
2018-05-26,14799.17,3.1551724137931036,116.0
2018-05-27,12523.25,3.080357142857143,112.0
2018-05-28,26702.47,3.255952380952381,168.0
2018-05-29,25572.08,3.3583815028901736,173.0
2018-05-30,18994.8,3.0784313725490198,153.0
2018-05-31,24420.28,3.280821917808219,146.0
2018-06-01,32298.92,3.0473933649289098,211.0
2018-06-02,25216.62,3.0445859872611467,157.0
2018-06-03,28122.86,3.2418604651162792,215.0
2018-06-04,28209.010000000002,3.0901960784313727,255.0
2018-06-05,30524.36,3.1213389121338913,239.0
2018-06-06,26214.3,2.773381294964029,278.0
2018-06-07,37020.4,3.0597609561752988,251.0
2018-06-08,26161.02,2.8744588744588744,231.0
2018-06-09,29834.84,3.0210526315789474,190.0
2018-06-10,25360.34,2.9457013574660635,221.0
2018-06-11,49669.7,3.195266272189349,338.0
2018-06-12,40292.2,2.979020979020979,286.0
2018-06-13,33791.840000000004,3.2274247491638794,299.0
2018-06-14,27369.6,3.1991525423728815,236.0
2018-06-15,26313.76,3.2829268292682925,205.0
2018-06-16,24287.170000000002,3.0977011494252875,174.0
2018-06-17,17238.33,3.2126436781609193,174.0
2018-06-18,33724.5,3.2572463768115942,276.0
2018-06-19,34103.02,3.2093023255813953,258.0
2018-06-20,28722.99,3.308,250.0
2018-06-21,27595.68,3.1494252873563218,261.0
2018-06-22,24567.23,3.264705882352941,204.0
2018-06-23,17397.05,3.0647058823529414,170.0
2018-06-24,24303.6,3.1152073732718892,217.0
2018-06-25,35346.52,3.20863309352518,278.0
2018-06-26,30420.59,3.006993006993007,286.0
2018-06-27,26496.48,3.234567901234568,243.0
2018-06-28,30681.0,3.1857142857142855,280.0
2018-06-29,20315.98,3.0918367346938775,196.0
2018-06-30,15309.880000000001,3.1751824817518246,137.0
2018-07-01,23885.47,3.0434782608695654,184.0
2018-07-02,22908.4,3.2916666666666665,216.0
2018-07-03,26102.52,3.189873417721519,237.0
2018-07-04,35169.97,3.1010452961672472,287.0
2018-07-05,28490.43,3.1004566210045663,219.0
2018-07-06,18739.64,3.2248062015503876,129.0
2018-07-07,8816.76,3.3333333333333335,99.0
2018-07-08,14064.7,2.9290780141843973,141.0
2018-07-09,19360.95,3.121794871794872,156.0
2018-07-10,18127.59,2.939189189189189,148.0
2018-07-11,17719.1,2.9574468085106385,141.0
2018-07-12,19551.98,2.983739837398374,123.0
2018-07-13,27644.23,3.0473684210526315,190.0
2018-07-14,21608.72,3.2435897435897436,156.0
2018-07-15,29518.6,3.0061349693251533,163.0
2018-07-16,30026.489999999998,3.147286821705426,258.0
2018-07-17,29655.12,3.066666666666667,240.0
2018-07-18,41668.64,3.3459302325581395,344.0
2018-07-19,38974.69,3.045138888888889,288.0
2018-07-20,31898.19,3.0596491228070177,285.0
2018-07-21,20872.579999999998,3.3106796116504853,206.0
2018-07-22,25993.32,3.0210084033613445,238.0
2018-07-23,39296.34,3.1839762611275964,337.0
2018-07-24,40037.99,3.2181208053691277,298.0
2018-07-25,40183.26,3.19435736677116,319.0
2018-07-26,34744.03,3.1554770318021204,283.0
2018-07-27,28104.86,3.1267605633802815,213.0
2018-07-28,24813.32,3.3043478260869565,207.0
2018-07-29,29453.61,3.175609756097561,205.0
2018-07-30,37606.96,3.1372549019607843,306.0
2018-07-31,44804.02,3.18970189701897,369.0
2018-08-01,40244.22,3.1341107871720117,343.0
2018-08-02,37834.35,2.9171779141104293,326.0
2018-08-03,41477.14,3.005865102639296,341.0
2018-08-04,34646.27,3.018867924528302,265.0
2018-08-05,34701.48,3.1147540983606556,305.0
2018-08-06,53475.41,3.111638954869359,421.0
2018-08-07,46744.2,2.9784172661870505,417.0
2018-08-08,42449.38,3.1887323943661974,355.0
2018-08-09,39659.48,3.128526645768025,319.0
2018-08-10,32841.77,3.178030303030303,264.0
2018-08-11,25916.03,2.9906976744186045,215.0
2018-08-12,29150.53,3.0454545454545454,220.0
2018-08-13,38245.22,3.1261829652996846,317.0
2018-08-14,43900.96,3.088757396449704,338.0
2018-08-15,45376.15,3.0987261146496814,314.0
2018-08-16,35203.7,3.1931818181818183,352.0
2018-08-17,31161.22,3.2077464788732395,284.0
2018-08-18,24157.5,3.1970443349753697,203.0
2018-08-19,25487.39,3.1548672566371683,226.0
2018-08-20,33749.5,3.2588652482269502,282.0
2018-08-21,26274.06,3.124513618677043,257.0
2018-08-22,20247.24,3.2744186046511627,215.0
2018-08-23,17030.87,3.018633540372671,161.0
2018-08-24,9440.71,3.1652173913043478,115.0
2018-08-25,10599.41,3.16,75.0
2018-08-26,8070.71,3.2195121951219514,82.0
2018-08-27,5345.91,3.295774647887324,71.0
2018-08-28,3673.91,3.066666666666667,45.0
2018-08-29,1546.04,3.0,16.0
